File Path,File Size,Size Formatted,Action,Success,Rule,Message
examples\data\cleaner_test\Thumbs.db,15,15.00 B,LOG_ONLY,True,system_cache,[DRY-RUN] Seria processado: DELETE
examples\data\cleaner_test\logs\app_0.log,1500,1.46 KB,LOG_ONLY,True,old_logs,[DRY-RUN] Seria processado: TRASH
examples\data\cleaner_test\logs\app_1.log,1500,1.46 KB,LOG_ONLY,True,old_logs,[DRY-RUN] Seria processado: TRASH
examples\data\cleaner_test\logs\app_2.log,1500,1.46 KB,LOG_ONLY,True,old_logs,[DRY-RUN] Seria processado: TRASH
examples\data\cleaner_test\logs\app_3.log,1500,1.46 KB,LOG_ONLY,True,old_logs,[DRY-RUN] Seria processado: TRASH
examples\data\cleaner_test\logs\app_4.log,1500,1.46 KB,LOG_ONLY,True,old_logs,[DRY-RUN] Seria processado: TRASH
examples\data\cleaner_test\__pycache__\module_0.pyc,15,15.00 B,LOG_ONLY,True,python_cache,[DRY-RUN] Seria processado: DELETE
examples\data\cleaner_test\__pycache__\module_1.pyc,15,15.00 B,LOG_ONLY,True,python_cache,[DRY-RUN] Seria processado: DELETE
examples\data\cleaner_test\__pycache__\module_2.pyc,15,15.00 B,LOG_ONLY,True,python_cache,[DRY-RUN] Seria processado: DELETE
